name,rank,pos,team,gp,mpg,pts,reb,ast,stl,blk,m3s,fgma,fg,ftma,ft,to,total
James Harden,1,PG/SG,HOU,81,36,28.5,7,9.2,1.6,0.6,3,8.3/18.9,0.44,8.9/10.3,0.86,5,13.38
Stephen Curry,2,PG/SG,GSW,78,33,26.3,4.7,6.6,1.9,0.2,4.3,8.9/18.5,0.48,4.2/4.6,0.91,3.1,13.2
Anthony Davis,3,PF/C,NOR,70,36,27.6,11.2,2.2,1.3,2.4,0.9,10.0/19.9,0.51,6.6/8.3,0.8,2.2,12.76
Russell Westbrook,4,PG,OKC,79,34.5,28.4,9.2,10.2,1.8,0.3,1.9,9.4/21.7,0.44,7.6/9.2,0.83,4.9,12.49
Kevin Durant,5,SF/PF,GSW,70,34,25.9,8.1,4.8,1,1.3,2.4,8.9/17.3,0.52,5.6/6.3,0.88,2.7,12.15
Karl-Anthony Towns,6,C,MIN,81,37,24.9,12.2,2.7,0.8,1.4,1.4,9.7/18.0,0.54,4.2/5.1,0.83,2.6,11.02
DeMarcus Cousins,7,PF/C,NOR,70,35,27.3,11.8,4.3,1.4,1.4,1.6,9.2/20.3,0.45,7.4/9.7,0.76,4,10.26
Kawhi Leonard,8,SG/SF,SAS,74,33.3,23.2,6.5,3.4,1.8,0.8,2.1,7.9/16.3,0.49,5.2/5.9,0.87,1.9,10.25
Giannis Antetokounmpo,9,SF/PF,MIL,81,36,23.3,8.5,5,1.5,1.6,0.6,8.8/17.1,0.51,5.2/6.9,0.76,2.8,9.81
Joel Embiid,10,PF/C,PHI,57,28,22.5,8.7,2.4,1,2.7,1.7,7.0/15.0,0.47,6.8/8.7,0.78,4.2,9.42
LeBron James,11,SF/PF,CLE,74,36,25.4,7.6,7.8,1.3,0.6,1.5,9.6/18.2,0.53,4.8/6.9,0.7,3.8,9.41
Chris Paul,12,PG,HOU,72,31,18.6,4.7,9.4,1.8,0.2,2,6.5/13.9,0.47,3.6/4.0,0.9,2.4,9.2
John Wall,13,PG,WAS,78,36.5,21.4,4.6,10.5,1.9,0.7,1.5,7.7/17.8,0.43,4.4/5.5,0.81,4.2,9.12
Jimmy Butler,14,SG/SF,MIN,71,37.5,23,5.9,4.8,1.7,0.5,1.4,7.3/16.0,0.46,6.9/8.1,0.85,1.9,8.32
Nikola Jokic,15,PF/C,DEN,75,30,17.2,10.3,5,1,0.8,1.3,6.5/11.8,0.55,2.9/3.6,0.82,2.4,8.15
Damian Lillard,16,PG,POR,75,36,26.1,4.6,6.6,1,0.3,3,8.6/19.9,0.43,6.0/6.7,0.89,2.9,7.81
Paul George,17,SF/PF,OKC,74,35,22.6,6.4,3.7,1.5,0.3,2.7,7.6/17.3,0.44,4.8/5.4,0.88,3,7.72
Kyle Lowry,18,PG,TOR,71,37,20.8,4.8,6.5,1.7,0.4,2.8,6.7/15.4,0.44,4.6/5.6,0.81,2.8,7.51
Kyrie Irving,19,PG/SG,BOS,70,34,24.3,3.2,5.5,1.2,0.4,2.4,8.9/19.0,0.47,4.1/4.6,0.9,2.5,7.24
Draymond Green,20,SF/PF,GSW,78,32.5,11.7,8.4,6.6,1.7,1.4,1.3,4.1/9.1,0.45,2.2/3.1,0.7,2.6,7.02
Isaiah Thomas,21,PG,CLE,62,33,25,2.8,5.9,1,0.1,2.6,7.9/17.6,0.45,6.6/7.4,0.89,2.7,6.61
Hassan Whiteside,22,C,MIA,75,32,15.7,13.1,0.6,0.7,2.5,0,6.5/11.4,0.57,2.7/4.4,0.62,1.9,6.03
Kemba Walker,23,PG,CHA,78,35,22.3,3.9,5.4,1.3,0.4,2.6,7.7/17.9,0.43,4.3/5.1,0.85,2.1,5.9
Eric Bledsoe,24,PG/SG,PHO,67,32,19.5,4.4,5.7,1.4,0.5,1.5,6.5/14.5,0.45,5.1/6.1,0.83,3.2,5.4
Paul Millsap,25,PF/C,DEN,74,31,15.9,7.5,3.2,1.4,1.1,1.7,5.3/11.7,0.45,3.6/4.7,0.76,2,5.36
Myles Turner,26,PF/C,IND,76,33,16.7,7.4,1.8,0.9,2,0.5,6.4/12.7,0.51,3.4/4.2,0.8,1.5,5.33
Kristaps Porzingis,27,PF/C,NYK,72,33,18.1,7.8,1.7,0.8,2,1.6,6.6/15.0,0.44,3.3/4.0,0.81,1.9,5.13
Rudy Gobert,28,C,UTA,77,34,12.4,12.6,1.4,0.7,2.4,0,4.5/7.1,0.63,3.4/5.4,0.62,1.9,5.07
Marc Gasol,29,C,MEM,74,34,17.2,6.6,4.1,0.9,1.3,1.3,6.2/13.5,0.46,3.5/4.3,0.82,2.1,4.99
C.J. McCollum,30,PG/SG,POR,78,35,21.6,3.5,3.8,1,0.4,2.6,8.0/17.5,0.46,3.0/3.4,0.88,2.2,4.95
Jrue Holiday,31,PG,NOR,67,33,16.6,3.6,7,1.5,0.6,1.6,6.3/14.3,0.44,2.4/3.0,0.8,2.9,4.88
Blake Griffin,32,PF/C,LAC,62,34,21,8,5,0.9,0.5,0.7,7.9/15.9,0.49,4.6/6.2,0.75,2.2,4.73
Bradley Beal,33,SG,WAS,71,34.5,21.6,3.6,3.4,1,0.3,2.6,7.7/16.4,0.47,3.5/4.3,0.82,2,4.61
Mike Conley,34,PG,MEM,69,33,18.1,3.3,5.9,1.3,0.3,2,6.0/13.6,0.44,4.1/4.8,0.85,2.1,4.57
Gordon Hayward,35,SG/SF,BOS,74,33.5,20.7,5,3.8,1.1,0.3,2,6.9/15.4,0.45,4.9/5.9,0.84,2.3,4.45
Khris Middleton,36,SG/SF,MIL,72,35,16.9,4.3,3.7,1.5,0.2,2.2,5.9/13.5,0.44,2.9/3.2,0.88,2.1,4.32
Klay Thompson,37,SG/SF,GSW,77,33,20.8,3.6,2.3,0.9,0.5,3.3,7.6/16.6,0.46,2.4/2.8,0.86,1.7,4.25
DeMar DeRozan,38,SG/SF,TOR,76,35.5,24.5,4.9,3.9,1,0.2,0.6,8.6/19.1,0.45,6.7/7.9,0.85,2.2,4.05
Ricky Rubio,39,PG,UTA,75,32,11.3,3.9,8,1.7,0.1,1.4,3.3/8.3,0.4,3.2/3.7,0.87,2.5,4.01
Jeff Teague,40,PG,MIN,77,33,15.2,3.4,7.1,1.3,0.4,1.5,5.1/11.6,0.44,3.6/4.3,0.84,2.7,3.98
Al Horford,41,PF/C,BOS,72,32,13.5,6.9,3.9,0.8,1.2,1.4,5.4/11.4,0.47,1.3/1.6,0.79,1.5,3.78
Dennis Schroder,42,PG,ATL,77,33,19,3.5,7,1.1,0.2,1.5,7.2/16.4,0.44,3.2/3.8,0.85,3.4,3.76
Kevin Love,43,PF/C,CLE,72,31,16.6,10.2,2.1,0.8,0.4,2.4,5.4/12.9,0.42,3.4/4.0,0.84,1.8,3.75
Victor Oladipo,44,PG/SG,IND,70,35,17.2,4.4,3.7,1.5,0.5,1.8,6.4/14.7,0.44,2.6/3.2,0.8,2.2,3.7
Robert Covington,45,SF/PF,PHI,67,29,13,5.9,1.5,1.6,0.8,2.4,4.2/10.5,0.4,2.2/2.7,0.81,1.9,3.44
Brook Lopez,46,C,LAL,72,29.5,18.1,6.2,1.8,0.6,1.5,1.1,6.8/14.2,0.48,3.4/4.3,0.8,2.1,3.43
Otto Porter,47,SF,WAS,78,33,13.7,6.1,1.7,1.4,0.5,1.7,5.3/10.9,0.48,1.5/1.9,0.79,0.8,3.33
Rajon Rondo,48,PG,NOR,70,32,9.7,5.9,8.8,1.7,0.2,0.9,4.0/9.7,0.42,0.7/1.3,0.58,3.2,3.16
Nikola Vucevic,49,PF/C,ORL,70,28,15.6,9.1,2.5,0.8,0.9,0.2,6.9/13.9,0.5,1.6/2.2,0.72,1.6,2.95
Jusuf Nurkic,50,C,POR,65,29,13.7,9.9,2.5,1.1,1.6,0,5.6/11.5,0.48,2.5/4.2,0.6,2.8,2.83
Nicolas Batum,51,SG/SF,CHA,72,33.5,13.6,6.1,5.6,1,0.5,2,4.7/11.7,0.4,2.3/2.7,0.84,2.4,2.73
DeAndre Jordan,52,C,LAC,80,33,12.3,14.1,1.2,0.7,1.9,0,4.8/6.8,0.71,2.8/6.1,0.45,1.4,2.67
LaMarcus Aldridge,53,PF/C,SAS,72,32.5,17.3,7.9,1.8,0.6,1.1,0.3,7.0/14.7,0.48,3.0/3.6,0.82,1.3,2.53
Devin Booker,54,SG,PHO,77,35,21.5,3.3,3.5,0.9,0.3,1.8,7.5/17.4,0.43,4.6/5.5,0.84,2.9,2.38
Nerlens Noel,55,PF/C,DAL,67,28,10.5,7.3,1.9,1.4,1.2,0,4.4/8.4,0.52,1.8/2.9,0.63,1.8,2.35
Carmelo Anthony,56,SF/PF,NYK,70,33.5,19.9,6.3,3.1,0.8,0.4,1.7,7.2/16.8,0.43,3.9/4.7,0.83,2,2.31
D'Angelo Russell,57,PG/SG,BKN,75,29.5,15.9,3.6,4.5,1.4,0.2,2.2,5.8/14.2,0.41,2.2/2.9,0.77,2.8,2.14
Avery Bradley,58,PG/SG,DET,72,34,15.2,4.2,2.3,1.3,0.2,2.3,5.9/13.2,0.44,1.1/1.5,0.77,1.6,2.14
Serge Ibaka,59,PF/C,TOR,77,31,12.6,6.5,0.9,0.5,1.5,2,4.7/10.3,0.46,1.1/1.4,0.81,1.3,2.12
Goran Dragic,60,PG/SG,MIA,73,32.5,16.6,3.6,5,1,0.2,1.4,6.3/13.5,0.47,2.7/3.5,0.77,2.5,2
Andrew Wiggins,61,SG/SF,MIN,81,37,22,4.1,2.4,1,0.5,1.1,7.9/17.2,0.46,5.2/6.8,0.77,2.2,1.91
Clint Capela,62,PF/C,HOU,74,26,12.4,8.7,1.1,0.8,1.5,0,5.4/8.7,0.62,1.5/3.3,0.46,1.3,1.84
Pau Gasol,63,PF/C,SAS,69,26,12.5,8.5,2.5,0.4,1.5,0.5,4.8/10.0,0.48,2.3/3.0,0.76,1.5,1.82
Markieff Morris,64,SF/PF,WAS,74,31,14.1,6.4,1.9,1.1,0.6,1.1,5.4/12.0,0.45,2.2/2.8,0.8,2,1.66
James Johnson,65,SF/PF,MIA,71,28,11.5,4.9,3.1,1,1.2,1.2,4.4/9.3,0.47,1.6/2.4,0.68,2,1.58
T.J. Warren,66,SF,PHO,62,31,14.4,4.8,1.3,1.1,0.6,1,5.9/11.9,0.49,1.7/2.3,0.77,0.9,1.4
Andre Drummond,67,PF/C,DET,81,29.5,13.9,13.5,1,1.3,1.2,0,6.0/11.5,0.52,1.9/5.1,0.38,1.7,1.32
Tobias Harris,68,SF/PF,DET,76,31,15.4,5.4,1.9,0.8,0.4,1.4,5.7/12.3,0.46,2.5/3.0,0.84,1.2,1.29
Rondae Hollis-Jefferson,69,SF/PF,BKN,75,26,9.9,6.8,2.2,1.4,0.7,0.3,3.5/7.6,0.46,2.5/3.3,0.78,1.5,1.26
Dwyane Wade,70,PG/SG,CHI,62,28,16.9,4,3.8,1.1,0.6,0.4,6.5/14.8,0.44,3.5/4.4,0.79,2.4,1.25
Danilo Gallinari,71,SF/PF,LAC,60,33.5,16.8,5.1,2,0.7,0.3,1.9,4.9/12.0,0.41,5.0/5.8,0.87,1.2,1.24
Trevor Ariza,72,SG/SF,HOU,80,33,10.4,5.1,2.1,1.6,0.2,2.1,3.6/9.0,0.4,1.1/1.5,0.73,1,1.23
Guillermo Hernangomez,73,C,NYK,72,24,11.8,8.9,2.2,0.7,0.7,0.1,4.9/9.3,0.53,1.8/2.5,0.73,1.9,1.22
Jeremy Lin,74,PG/SG,BKN,67,27.5,13.8,3.6,4.5,1,0.5,1.3,4.6/10.9,0.42,3.4/4.1,0.81,2.4,1.16
Lonzo Ball,75,PG,LAL,72,29,9.8,4.2,5.5,1.1,0.4,1.1,3.7/7.9,0.47,1.4/2.0,0.68,1.7,1.15
Gary Harris,76,SG/SF,DEN,74,30,13.6,2.9,2.4,1.2,0.2,1.6,5.1/10.9,0.47,1.8/2.3,0.82,1.2,1.09
Elfrid Payton,77,PG,ORL,77,29,12.2,4.2,6.4,1.2,0.4,0.5,4.9/10.7,0.46,1.8/2.8,0.66,2.3,1.09
Jonas Valanciunas,78,C,TOR,77,26,12.7,8.9,0.8,0.4,0.9,0,5.2/9.4,0.55,2.3/3.0,0.79,1.3,1.06
Thaddeus Young,79,SF/PF,IND,75,29.5,11.4,6.3,1.7,1.4,0.4,0.5,5.0/10.0,0.5,0.9/1.5,0.6,1.4,1.06
Kris Dunn,80,PG/SG,CHI,78,30,8.1,4.2,4.4,1.7,0.9,0.5,3.2/8.0,0.4,1.2/1.8,0.62,2.3,0.99
Malcolm Brogdon,81,PG/SG,MIL,75,28,11.4,3.3,4.6,1.1,0.2,1.2,4.3/9.3,0.46,1.6/1.9,0.86,1.6,0.99
Dwight Howard,82,PF/C,CHA,70,28,12,10.9,1.3,0.8,1.2,0,4.7/7.6,0.62,2.7/5.2,0.51,2.1,0.87
George Hill,83,PG/SG,SAC,62,31,13.6,3.7,3.9,1,0.3,1.7,4.8/10.9,0.44,2.2/2.8,0.78,1.5,0.86
Patrick Beverley,84,PG/SG,LAC,68,29.5,9.5,4.5,3.5,1.2,0.3,1.9,3.3/8.0,0.42,0.8/1.1,0.74,1.3,0.83
Evan Fournier,85,SG/SF,ORL,71,32,15.9,2.9,2.7,1,0,2,5.5/12.4,0.44,2.9/3.5,0.83,1.7,0.81
Harrison Barnes,86,SF/PF,DAL,77,35,16.5,5,1.6,0.8,0.2,1.7,6.2/13.5,0.46,2.4/3.0,0.82,1.1,0.78
Derrick Favors,87,PF/C,UTA,65,27,12.4,7.2,1.3,0.8,1.1,0,5.1/10.1,0.51,2.1/3.1,0.69,1.4,0.67
Steven Adams,88,C,OKC,78,30,10.8,8.1,1.3,0.9,1,0,4.5/7.9,0.57,1.8/3.1,0.58,1.6,0.65
Terrence Ross,89,SG/SF,ORL,75,30,12.7,3.3,1.4,1.1,0.5,2.4,4.8/11.1,0.43,0.8/1.1,0.8,1,0.58
Greg Monroe,90,PF/C,MIL,76,23,12.4,6.8,2.1,0.9,0.6,0,5.0/9.7,0.51,2.4/3.3,0.75,1.6,0.52
Seth Curry,91,PG/SG,DAL,70,27,11.9,2.4,2.8,1,0.1,2.1,4.2/9.0,0.47,1.3/1.5,0.86,1.3,0.51
Aaron Gordon,92,SF/PF,ORL,77,29.5,12.4,6.1,2.1,0.9,0.6,0.9,4.7/10.1,0.47,2.0/2.8,0.72,1.1,0.42
Al-Farouq Aminu,93,SF/PF,POR,70,29,9.1,7.1,1.6,1,0.7,1.6,3.1/7.5,0.41,1.3/1.8,0.74,1.4,0.41
Marcin Gortat,94,C,WAS,78,28,10.2,9,1.5,0.5,1,0,4.5/8.0,0.56,1.3/2.0,0.67,1.4,0.4
J.J. Redick,95,SG,PHI,75,30,15.5,2.3,1.5,0.7,0.1,2.7,5.3/11.6,0.46,2.2/2.5,0.88,1.1,0.39
Kent Bazemore,96,SG/SF,ATL,72,28,10.7,4.2,2.4,1.2,0.6,1.5,3.8/9.2,0.42,1.5/2.0,0.74,1.7,0.38
Ben Simmons,97,SF/PF,PHI,72,28,10.9,7.6,3.6,1.1,0.5,0,4.2/8.8,0.48,2.5/3.7,0.68,2,0.37
Julius Randle,98,PF,LAL,75,29.5,13.1,9.6,3,0.7,0.5,0.1,5.1/10.9,0.47,2.8/4.0,0.71,2.2,0.32
Dario Saric,99,SF/PF,PHI,80,27,14,6.6,2.5,0.8,0.4,1.3,5.2/12.4,0.42,2.3/2.9,0.79,2.4,0.31
Lou Williams,100,PG/SG,LAC,77,25,15.2,2.3,2.5,0.9,0.2,1.7,4.5/10.7,0.42,4.6/5.3,0.86,1.6,0.27
Moe Harkless,101,SF,POR,75,29,10.3,4.7,1.3,1.1,0.8,1.1,4.0/8.1,0.49,1.3/1.9,0.65,1.1,0.2
Marvin Williams,102,SF/PF,CHA,75,29,9.8,6.1,1.4,0.8,0.8,1.8,3.3/8.0,0.41,1.4/1.7,0.83,0.8,0.14
Dewayne Dedmon,103,C,ATL,65,24,7.2,8.8,0.8,0.7,1.1,0,2.9/5.0,0.58,1.4/2.0,0.71,1.2,0.14
Taurean Prince,104,SF,ATL,67,28,9.9,4.8,1.7,1.2,0.8,1.1,3.3/8.0,0.41,2.1/2.7,0.8,1.6,0.14
Kelly Olynyk,105,C,MIA,70,25,11,5,2.2,0.8,0.5,1.5,4.0/8.4,0.47,1.6/2.1,0.75,1.4,0.13
Jae Crowder,106,SF/PF,CLE,74,27,11.4,4.4,1.8,1,0.3,1.6,4.0/8.9,0.44,1.9/2.4,0.81,1,0.13
Enes Kanter,107,C,OKC,74,21,14.2,7.1,0.8,0.4,0.5,0.2,5.6/10.3,0.54,2.8/3.4,0.81,1.5,0.1
Dirk Nowitzki,108,PF/C,DAL,70,26,14,5.8,1.4,0.5,0.6,1.4,5.2/11.9,0.44,2.2/2.5,0.88,0.9,0.1
Cody Zeller,109,PF/C,CHA,65,26,9.7,6.5,1.6,0.9,0.9,0,3.7/7.1,0.53,2.2/3.1,0.71,0.9,0
Larry Nance,110,PF,LAL,64,24,7.6,6.3,1.4,1.3,0.6,0.1,3.3/6.3,0.52,0.9/1.3,0.72,0.8,-0.02
Willie Cauley-Stein,111,PF/C,SAC,72,26,10.6,6.3,1.2,0.9,0.9,0,4.4/8.0,0.55,1.8/2.7,0.67,1.1,-0.02
Michael Kidd-Gilchrist,112,SF,CHA,77,29,10.4,6.8,1.4,0.9,0.9,0,4.0/8.5,0.48,2.3/3.0,0.77,0.7,-0.05
Marcus Smart,113,PG,BOS,74,28,10.4,3.6,4,1.2,0.4,1.4,3.3/8.8,0.38,2.4/3.0,0.78,1.5,-0.09
Marquese Chriss,114,PF,PHO,80,26,11.8,4.9,1,1,1,1.3,4.3/9.6,0.45,1.8/2.8,0.65,1.6,-0.1
Jamal Murray,115,PG/SG,DEN,78,28,13.2,3.4,2.6,0.9,0.4,1.9,4.8/11.7,0.41,1.8/2.1,0.88,1.7,-0.16
Skal Labissiere,116,PF/C,SAC,65,24,12.8,6.4,1.4,0.6,0.5,0.4,4.9/9.3,0.53,2.5/3.4,0.73,1.6,-0.16
Eric Gordon,117,SG,HOU,72,29,14,2.4,2.5,0.7,0.4,2.9,4.7/11.7,0.4,1.8/2.1,0.85,1.5,-0.19
Rodney Hood,118,SG/SF,UTA,70,31,13.8,3.5,2.4,0.9,0.3,2.1,4.9/11.8,0.41,2.0/2.4,0.82,1.3,-0.2
Taj Gibson,119,PF/C,MIN,75,29,10.7,6.9,1.3,0.7,1.1,0,4.6/9.2,0.5,1.5/2.2,0.7,1.3,-0.23
Reggie Jackson,120,PG/SG,DET,74,27.5,14.5,2.8,5.3,0.7,0.1,1.2,5.3/12.6,0.42,2.6/3.0,0.86,2.3,-0.26
Wesley Matthews,121,SG/SF,DAL,72,33,12.2,3.6,2.4,1,0.2,2.3,4.2/10.6,0.39,1.5/1.8,0.83,1.2,-0.27
Wilson Chandler,122,SF/PF,DEN,70,28.5,13,5.7,1.6,0.7,0.4,1.7,4.9/11.2,0.44,1.5/2.0,0.74,1.2,-0.33
Bogdan Bogdanovic,123,SG,SAC,70,26,10.7,3.5,3.1,0.9,0.4,1.3,4.0/8.6,0.43,1.5/2.0,0.75,1.8,-0.44
Joe Ingles,124,SG/SF,UTA,79,27.5,7.8,3.5,2.9,1.3,0.1,1.7,2.7/6.4,0.43,0.6/0.8,0.73,1.5,-0.45
Tyler Johnson,125,PG/SG,MIA,72,26,11.3,3.5,2.6,0.9,0.4,1.3,3.9/8.9,0.44,2.2/2.7,0.8,1.1,-0.47
Markelle Fultz,126,PG,PHI,72,28,12,3.9,4.2,1,0.6,1,4.5/10.8,0.42,2.0/2.9,0.67,2,-0.49
Tim Hardaway Jr,127,SG/SF,NYK,73,30,14.7,3.1,2.2,0.7,0.2,2.1,5.1/12.0,0.43,2.3/2.8,0.81,1.3,-0.51
Jabari Parker,128,SF/PF,MIL,30,27,13.8,4.5,1.9,0.8,0.3,0.5,5.5/11.3,0.49,2.2/2.9,0.75,1.4,-0.6
Rudy Gay,129,SF/PF,SAS,67,26,12.6,4.4,1.7,0.8,0.4,1,4.6/10.5,0.44,2.3/2.8,0.82,1.6,-0.63
Nikola Mirotic,130,SF/PF,CHI,70,24,10.5,5.4,1.2,0.7,0.7,1.9,3.3/8.3,0.4,1.9/2.5,0.79,1.3,-0.65
Ian Clark,131,PG/SG,NOR,74,25,11.2,2.6,2.3,0.9,0.3,1.4,4.3/9.2,0.47,1.1/1.3,0.78,1.4,-0.8
Will Barton,132,SG/SF,DEN,72,25,11.9,4.4,2.6,0.8,0.3,1.4,4.2/9.9,0.43,2.0/2.6,0.79,1.5,-0.81
Kentavious Caldwell-Pope,133,SG,LAL,79,30,12.5,3.1,2.1,1.2,0.2,1.7,4.5/11.3,0.4,1.8/2.2,0.81,1.1,-0.83
Norman Powell,134,SG/SF,TOR,75,26,11.9,3.3,1.7,1,0.3,1.3,4.1/9.5,0.43,2.3/2.8,0.8,1.3,-0.85
JaMychal Green,135,PF,MEM,77,28,9.5,6.8,1.2,0.7,0.5,0.7,3.5/7.4,0.48,1.8/2.3,0.81,1.3,-0.87
Buddy Hield,136,SG,SAC,80,30,13.6,4.1,1.9,0.6,0.1,2.3,5.1/12.0,0.43,1.1/1.3,0.83,1.6,-0.88
Gorgui Dieng,137,PF/C,MIN,76,22.7,7.1,5.8,1.4,0.8,1,0.1,2.8/5.5,0.5,1.5/1.8,0.81,1.2,-0.9
Darren Collison,138,PG/SG,IND,64,26,11.4,2,3.7,0.9,0.1,1,4.2/9.1,0.46,2.0/2.3,0.84,1.5,-0.93
Tyreke Evans,139,SG/SF,MEM,60,24,11.2,3.8,4.6,0.9,0.3,1,4.2/9.9,0.43,1.8/2.4,0.73,1.9,-0.93
Danny Green,140,SG/SF,SAS,75,26.5,7.4,3.6,1.9,1,0.8,1.8,2.6/6.8,0.38,0.4/0.6,0.78,1,-0.96
Allen Crabbe,141,PG/SG,BKN,78,27,11.2,2.9,1.3,0.7,0.2,1.7,4.0/8.6,0.47,1.5/1.7,0.87,0.8,-1.01
Josh Richardson,142,SF,MIA,65,28,8.9,3,2.2,1,0.7,1.5,3.2/7.7,0.42,1.0/1.4,0.72,1,-1.06
Dennis Smith,143,PG,DAL,72,29,10.6,3.3,4.4,1.1,0.3,0.8,3.9/9.5,0.41,2.0/2.8,0.71,2,-1.07
Ryan Anderson,144,PF/C,HOU,67,29,13.8,5.2,1,0.5,0.3,2.4,4.7/11.6,0.41,2.0/2.3,0.84,0.9,-1.12
Patty Mills,145,PG,SAS,77,26,10.3,2.2,3.7,0.9,0.1,2.1,3.7/8.9,0.42,0.8/1.0,0.81,1.3,-1.13
Caris LeVert,146,SG/SF,BKN,70,25,10,4,2.4,0.9,0.1,1.4,3.6/7.9,0.45,1.5/2.0,0.75,1.2,-1.14
Thon Maker,147,PF/C,MIL,70,24,10.3,4.8,1.2,0.5,1,1.5,3.7/7.9,0.47,1.5/2.3,0.66,0.7,-1.15
P.J. Tucker,148,SG/SF,HOU,78,26.6,6.8,5.7,1.6,1.3,0.2,1.1,2.4/6.0,0.4,0.9/1.2,0.74,1,-1.16
Jaylen Brown,149,SG/SF,BOS,80,28,11.6,4.5,1.6,0.8,0.4,1.1,4.2/9.2,0.46,2.0/2.8,0.72,1.3,-1.19
Andre Roberson,150,SG/SF,OKC,72,29.5,6.5,4.9,1,1.1,0.9,0.9,2.5/5.3,0.47,0.6/1.2,0.51,0.7,-1.21
Robin Lopez,151,C,CHI,79,27,9.7,6.5,1.2,0.2,1.4,0,4.3/8.5,0.51,1.1/1.5,0.74,1.3,-1.21
Justise Winslow,152,SF/PF,MIA,75,31,8.8,5.5,2.2,1.1,0.4,0.6,3.3/7.8,0.43,1.6/2.3,0.72,1.4,-1.23
DeMarre Carroll,153,SF/PF,BKN,67,26,8.9,4.3,1.2,1.2,0.3,1.5,3.2/7.7,0.41,1.1/1.6,0.71,0.8,-1.32
Jordan Clarkson,154,PG/SG,LAL,78,26,12.7,2.8,2.3,0.9,0.1,1.5,4.8/11.1,0.43,1.7/2.1,0.81,1.5,-1.34
Tyson Chandler,155,C,PHO,65,23,6.8,8.9,0.8,0.5,0.6,0,2.6/4.2,0.62,1.6/2.3,0.68,1.2,-1.35
Courtney Lee,156,SG/SF,NYK,75,30,9.2,3.1,2,1,0.3,1.1,3.6/7.9,0.45,1.0/1.2,0.86,0.9,-1.36
Milos Teodosic,157,SG,LAC,70,25,11,2.3,5,0.6,0.3,1.6,3.8/9.0,0.43,1.8/2.2,0.77,1.9,-1.37
Jon Leuer,158,PF/C,DET,74,25,9.9,5.8,1.6,0.5,0.4,1,3.8/8.2,0.47,1.2/1.5,0.82,1,-1.39
Tristan Thompson,159,PF/C,CLE,79,30,8.4,9.3,0.9,0.6,0.9,0,3.3/5.8,0.57,1.8/3.1,0.57,0.9,-1.41
Jonathan Isaac,160,PF,ORL,72,24,8.4,5.8,1,0.8,0.8,0.5,3.2/7.2,0.44,1.5/2.0,0.75,1.2,-1.42
Zach Randolph,161,PF/C,SAC,70,24,12.8,7.5,1.6,0.6,0.1,0.3,5.3/11.4,0.46,2.0/2.6,0.76,1.3,-1.46
C.J. Miles,162,SG/SF,TOR,71,26,11.2,3.1,0.9,0.8,0.4,2.4,3.8/9.5,0.41,1.2/1.5,0.82,0.7,-1.48
Dion Waiters,163,SG/SF,MIA,74,30,12.8,2.9,3.1,1,0.3,1.5,4.8/11.9,0.41,1.7/2.4,0.69,1.7,-1.56
Mike Muscala,164,PF/C,ATL,64,22,7.9,4.2,1.5,0.6,0.8,1,3.0/6.3,0.48,0.9/1.2,0.78,1,-1.58
Andre Iguodala,165,SG/SF,GSW,70,25,6.4,3.6,3.1,1,0.4,0.8,2.4/5.0,0.48,0.8/1.2,0.67,0.9,-1.58
Lucas Nogueira,166,PF/C,TOR,57,18,4.3,4.1,0.7,0.8,1.3,0,1.8/2.7,0.65,0.7/1.1,0.67,0.8,-1.59
Zach LaVine,167,PG/SG,CHI,41,24,12.2,2.4,2.6,0.7,0.2,1.4,4.5/9.9,0.45,1.9/2.3,0.81,1.7,-1.6
Yogi Ferrell,168,PG,DAL,70,25,10.1,2.4,3.6,0.9,0.2,1.4,3.5/8.8,0.4,1.6/2.0,0.82,1.4,-1.61
John Collins,169,PF,ATL,72,22,10,6.5,0.5,0.5,0.8,0,4.0/7.8,0.51,2.0/2.7,0.73,1.3,-1.63
Manu Ginobili,170,SG/SF,SAS,67,20,8.1,2.5,2.9,1.2,0.2,1.2,2.7/6.8,0.41,1.4/1.8,0.79,1.6,-1.66
Patrick Patterson,171,PF/C,OKC,72,26,7.5,5,1.3,0.8,0.4,1.7,2.6/6.2,0.42,0.6/0.7,0.77,0.7,-1.67
E'Twaun Moore,172,PG/SG,NOR,72,29,9.7,2.6,2.5,0.8,0.5,1.2,3.9/8.8,0.45,0.6/0.9,0.71,1.1,-1.67
John Henson,173,PF/C,MIL,62,20,7.2,5.1,1,0.5,1.7,0,3.0/5.7,0.53,1.3/2.0,0.63,1.1,-1.68
Marcus Morris,174,SF/PF,BOS,79,29,12,4.6,2,0.7,0.3,1.4,4.5/10.6,0.42,1.6/2.1,0.74,1.2,-1.73
Josh Jackson,175,SG/SF,PHO,72,25,9.8,5.1,2.3,1,0.6,0.5,3.9/8.8,0.45,1.5/2.4,0.61,1.8,-1.74
Evan Turner,176,SG/SF,POR,74,26,9.2,4.1,3.7,0.8,0.3,0.4,3.7/8.6,0.43,1.3/1.6,0.81,1.8,-1.74
Timofey Mozgov,177,C,BKN,70,24,9.1,6.2,0.8,0.4,0.9,0,3.8/7.4,0.52,1.4/1.9,0.74,1.6,-1.85
Trevor Booker,178,PF,BKN,72,20,7.3,6.2,1.4,0.8,0.4,0.5,3.0/6.1,0.48,0.9/1.3,0.67,1.2,-1.9
Delon Wright,179,PG/SG,TOR,70,20,7.1,2.2,2.5,1.2,0.6,0.5,2.4/5.4,0.44,1.9/2.5,0.78,1,-1.99
James Ennis,180,SG/SF,MEM,64,25,7.8,4.1,1.2,0.8,0.4,1.3,2.5/5.5,0.45,1.5/1.9,0.78,1,-2.02
Ian Mahinmi,181,C,WAS,62,22,6.6,6.1,1,0.9,0.9,0,2.7/4.7,0.56,1.3/2.4,0.52,1.2,-2.07
Chandler Parsons,182,SF/PF,MEM,50,24,9.8,3.4,1.9,0.6,0.2,1.5,3.6/7.9,0.46,1.1/1.5,0.73,1,-2.07
Alan Williams,183,PF/C,PHO,70,18,8.7,7.5,0.6,0.6,0.7,0,3.5/6.7,0.52,1.8/2.8,0.63,0.9,-2.11
Ersan Ilyasova,184,SF/PF,ATL,75,23,10.3,5.1,1.2,0.6,0.3,1.5,3.7/8.9,0.42,1.4/1.9,0.74,1.1,-2.19
Cory Joseph,185,PG,IND,78,25,9.4,2.9,3.3,0.8,0.2,0.7,3.6/8.0,0.45,1.5/2.0,0.77,1.3,-2.2
Frank Kaminsky,186,PF/C,CHA,75,24.5,10.3,4.4,1.9,0.6,0.5,1.3,3.6/9.0,0.4,1.7/2.2,0.77,0.9,-2.22
Alex Len,187,PF/C,PHO,76,20,7.8,6.5,0.9,0.4,1.2,0,2.9/6.3,0.47,1.9/2.7,0.72,1.5,-2.27
Michael Carter-Williams,188,PG,CHA,50,20,7.9,3.5,3.2,1,0.5,0.4,3.0/7.2,0.42,1.5/2.1,0.72,1.8,-2.29
Sam Dekker,189,SF/PF,LAC,77,24,9.1,4.7,1.4,0.6,0.4,1,3.6/7.7,0.47,0.8/1.3,0.61,0.7,-2.32
Jayson Tatum,190,SF,BOS,70,24,9,4.5,1.5,0.8,0.6,0.6,3.3/8.1,0.42,1.6/2.1,0.8,1.6,-2.39
Jordan Crawford,191,PG/SG,NOR,66,20,11.5,1.5,2.3,0.5,0.1,1.7,4.5/9.5,0.47,0.8/1.1,0.78,1.1,-2.43
Stanley Johnson,192,SG/SF,DET,78,25,8.7,4,2,0.9,0.4,1.1,3.2/8.1,0.4,1.2/1.6,0.74,1.6,-2.48
Cheick Diallo,193,PF,NOR,70,20,9.5,7.2,0.6,0.4,0.7,0,3.9/8.2,0.48,1.7/2.3,0.74,0.7,-2.49
Zach Collins,194,PF/C,POR,72,18,7.2,5,0.4,0.5,1.1,0.2,2.8/5.2,0.54,1.5/2.0,0.73,1.3,-2.52
Thabo Sefolosha,195,SG/SF,UTA,70,22,5.5,3.8,1.4,1.1,0.4,0.5,2.2/4.7,0.46,0.7/1.0,0.69,0.8,-2.56
Kyle Anderson,196,SG/SF,SAS,70,20,5.3,4,1.9,1,0.5,0.3,2.0/4.5,0.44,1.0/1.3,0.77,0.8,-2.6
Matthew Dellavedova,197,PG/SG,MIL,74,27,7.9,2.3,4.8,0.7,0.1,1.3,2.8/7.2,0.39,0.9/1.1,0.83,1.7,-2.62
Nene Hilario,198,PF/C,HOU,64,18,8.6,4.2,1.3,0.8,0.5,0,3.5/6.1,0.57,1.6/2.7,0.59,1.2,-2.64
Brandon Ingram,199,SG/SF,LAL,78,30,10.7,4.4,2.4,0.7,0.6,0.9,3.8/9.1,0.42,2.2/3.4,0.65,1.5,-2.64
Dejounte Murray,200,PG,SAS,70,22,9.8,2.8,3.5,0.6,0.4,0.7,3.7/8.4,0.44,1.7/2.3,0.72,2.6,-2.68
Luol Deng,201,SF/PF,LAL,62,24.5,8,4.7,1.2,0.8,0.3,0.9,3.0/7.0,0.42,1.2/1.5,0.75,0.8,-2.7
Jamal Crawford,202,SG/SF,MIN,73,25,11.1,1.6,2.3,0.7,0.1,1.4,3.8/9.5,0.4,2.0/2.3,0.87,1.3,-2.71
Lance Stephenson,203,SG/SF,IND,70,24.5,9.2,4,3.2,0.7,0.2,0.6,3.7/8.3,0.44,1.2/1.7,0.72,1.7,-2.73
Glenn Robinson III,204,SG/SF,IND,68,24.5,8.5,3.7,1,0.8,0.4,0.9,3.2/7.0,0.46,1.3/1.7,0.72,0.7,-2.79
Amir Johnson,205,PF/C,PHI,70,18,5.9,4.4,1.6,0.5,0.6,0.2,2.5/4.3,0.58,0.7/1.1,0.66,1,-2.79
J.R. Smith,206,SG/SF,CLE,70,28,8.3,3,1.7,1,0.3,2,3.0/8.4,0.36,0.3/0.5,0.62,0.7,-2.83
Tony Snell,207,SG/SF,MIL,75,29,8.5,3.5,1.3,0.6,0.2,1.7,3.0/7.2,0.42,0.7/0.8,0.83,0.9,-2.85
Austin Rivers,208,PG/SG,LAC,71,26,10.7,2.2,2.6,0.8,0.1,1.3,3.9/9.1,0.43,1.6/2.3,0.71,1.3,-2.85
Kelly Oubre,209,SF,WAS,77,25,8.3,4.6,0.7,0.8,0.3,0.9,3.1/7.2,0.43,1.2/1.7,0.71,0.9,-2.98
Tyler Ulis,210,PG,PHO,62,20,8.6,1.6,4.1,0.8,0.1,0.6,3.5/8.1,0.43,1.1/1.4,0.79,1.3,-3.05
Bojan Bogdanovic,211,SG/SF,IND,76,24,11.2,3,1.2,0.4,0.1,1.6,3.9/8.9,0.44,1.8/2.1,0.85,1.3,-3.08
Sean Kilpatrick,212,PG/SG,BKN,70,20,11.1,2.9,1.7,0.5,0.1,1.3,3.8/8.8,0.43,2.3/2.7,0.85,1.5,-3.1
Jeremy Lamb,213,SG/SF,CHA,62,18,9.1,3.7,1.2,0.5,0.4,1,3.4/7.6,0.44,1.4/1.7,0.81,0.7,-3.15
Joffrey Lauvergne,214,PF/C,SAS,62,20,8.5,4.9,1.4,0.4,0.2,0.9,3.2/6.9,0.47,1.2/1.5,0.77,1.1,-3.19
Joakim Noah,215,PF/C,NYK,45,20,4.1,7.1,2.8,0.6,0.7,0,1.7/3.7,0.46,0.7/1.4,0.48,1.3,-3.2
Ish Smith,216,PG,DET,74,21,7.8,2.7,4.6,0.7,0.3,0.4,3.3/8.0,0.41,0.9/1.3,0.69,1.4,-3.2
Aron Baynes,217,C,BOS,70,20,7.4,5.9,0.6,0.3,0.6,0,3.0/5.9,0.5,1.5/1.9,0.8,1,-3.21
Bismack Biyombo,218,PF/C,ORL,78,20,5.3,6.8,0.7,0.3,1.4,0,1.9/3.6,0.55,1.4/2.4,0.56,0.9,-3.24
Jahlil Okafor,219,C,PHI,60,18,10.8,3.9,1,0.3,0.7,0,4.5/8.8,0.51,1.9/2.6,0.71,1.5,-3.26
Tony Parker,220,PG,SAS,41,24,8.9,1.9,4.2,0.6,0.1,0.4,3.7/7.9,0.46,1.1/1.5,0.74,1.5,-3.29
Darius Miller,221,,,70,25.7,8.8,2.5,2.2,0.9,0.1,0.6,3.6/8.7,0.42,0.9/1.1,0.8,0.9,-3.33
Donovan Mitchell,222,SG,UTA,72,23,8.1,3,1.8,1,0.3,1,3.0/7.8,0.38,1.2/1.6,0.77,1.1,-3.35
Solomon Hill,223,SG/SF,NOR,20,24,6.5,3.3,1.5,0.8,0.2,1.2,2.1/5.3,0.4,1.0/1.3,0.79,0.9,-3.35
Denzel Valentine,224,SG/SF,CHI,70,24,7.1,3.9,1.6,0.7,0.3,1.7,2.5/7.0,0.36,0.4/0.5,0.8,1.2,-3.46
Zaza Pachulia,225,C,GSW,70,17,5.6,5.5,1.5,0.7,0.3,0,2.1/4.4,0.48,1.3/1.8,0.76,1.1,-3.47
Bobby Portis,226,PF/C,CHI,64,18.9,8.3,5.8,0.9,0.4,0.3,0.6,3.4/7.3,0.47,0.9/1.2,0.71,0.8,-3.48
De'Aaron Fox,227,PG,SAC,72,24,9.1,2.7,3.2,0.9,0.1,0.2,3.6/8.4,0.43,1.8/2.4,0.72,1.5,-3.5
Tyus Jones,228,PG,MIN,65,18,5.6,1.6,3.4,1,0.1,0.7,1.9/4.8,0.41,1.0/1.3,0.75,0.9,-3.53
Ben McLemore,229,SG,MEM,70,24,9.2,2.3,1.2,0.7,0.1,1.2,3.3/7.6,0.44,1.3/1.7,0.77,1.3,-3.55
Ivica Zubac,230,C,LAL,62,15,7.7,3.8,1,0.4,0.8,0,3.4/6.5,0.52,1.0/1.5,0.68,0.8,-3.66
Ed Davis,231,PF/C,POR,68,18,5.4,6.3,0.9,0.5,0.6,0,2.1/3.8,0.56,1.1/2.0,0.56,0.7,-3.68
JaVale McGee,232,C,GSW,72,12,7.1,4.1,0.2,0.3,1,0,3.2/5.0,0.63,0.8/1.6,0.51,0.7,-3.7
Boban Marjanovic,233,C,DET,62,12,7,4.6,0.5,0.3,0.5,0,2.5/4.2,0.59,2.0/2.6,0.77,0.7,-3.85
Michael Beasley,234,SF/PF,NYK,67,15,8.5,3.3,0.8,0.4,0.4,0.4,3.5/7.0,0.49,1.2/1.6,0.75,1.1,-3.91
Miles Plumlee,235,PF/C,ATL,62,17.5,4.9,4.4,0.6,0.6,0.8,0,2.2/4.0,0.55,0.6/1.1,0.58,0.9,-3.91
Kosta Koufos,236,PF/C,SAC,70,18,5.5,5.2,0.6,0.4,0.7,0,2.5/4.7,0.52,0.6/1.0,0.59,0.7,-3.92
Marco Belinelli,237,SG/SF,ATL,68,23,8.9,2.1,1.8,0.5,0.1,1.3,3.0/7.6,0.4,1.5/1.8,0.87,1,-3.93
Cole Aldrich,238,C,MIN,62,12,3.8,4,0.8,0.6,0.7,0,1.6/3.0,0.53,0.6/0.8,0.73,0.7,-3.99
Joe Johnson,239,SG/SF,UTA,77,23,7.9,2.7,2.2,0.4,0.1,1.1,3.0/7.0,0.43,0.8/0.9,0.81,1.1,-4.03
Kyle O'Quinn,240,PF/C,NYK,69,12,4.8,4,1.1,0.4,0.8,0.1,2.0/4.1,0.5,0.6/0.8,0.77,0.8,-4.08
Jared Dudley,241,SF/PF,PHO,70,19.7,5.5,2.9,1.6,0.7,0.2,0.9,2.1/4.5,0.45,0.5/0.8,0.7,0.9,-4.08
Jonathon Simmons,242,SG/SF,ORL,72,20,7.3,2.5,1.7,0.6,0.3,0.5,2.7/6.0,0.44,1.5/1.9,0.75,1.1,-4.16
Jerami Grant,243,SF/PF,OKC,78,18,6.1,2.7,1.1,0.5,1.1,0.6,2.0/4.8,0.43,1.5/2.2,0.66,0.8,-4.17
Brandan Wright,244,PF/C,MEM,60,15,5.5,2.8,0.5,0.4,0.7,0,2.4/3.9,0.63,0.7/1.0,0.68,0.3,-4.21
Kenneth Faried,245,PF/C,DEN,66,14.7,6.7,5.1,0.7,0.4,0.4,0,2.7/5.1,0.54,1.3/1.9,0.67,0.7,-4.24
Dwight Powell,246,PF/C,DAL,74,15,6.1,3.8,0.6,0.6,0.4,0.2,2.3/4.5,0.51,1.4/1.8,0.75,0.4,-4.28
Justin Holiday,247,SG/SF,CHI,72,17,5.9,2.1,1.1,0.7,0.3,1,2.2/5.3,0.41,0.6/0.7,0.77,0.7,-4.38
Richaun Holmes,248,PF/C,PHI,70,12,5.7,2.8,0.6,0.4,0.6,0.7,2.1/3.9,0.54,0.8/1.1,0.68,0.6,-4.38
Derrick Rose,249,PG,CLE,60,18,9.8,2,2.3,0.4,0.1,0.4,3.9/8.9,0.44,1.6/1.9,0.84,1.3,-4.39
Malcolm Delaney,250,SG,ATL,72,24,7.2,2.3,3.5,0.8,0,0.6,2.6/7.2,0.37,1.3/1.6,0.81,1.7,-4.44
Troy Daniels,251,PG/SG,MEM,66,20,9.3,1.8,0.8,0.4,0.1,2.3,3.2/8.1,0.39,0.6/0.8,0.75,0.8,-4.44
Jarrett Allen,252,PF/C,BKN,72,20,7.2,4.7,0.5,0.5,0.7,0,3.0/6.2,0.48,1.1/1.9,0.61,1.3,-4.45
J.J. Barea,253,PG/SG,DAL,70,17.9,8.1,1.7,3.5,0.3,0,1,3.1/7.3,0.43,0.8/1.0,0.8,1.2,-4.49
DeAndre' Bembry,254,SF,ATL,60,24,6.8,3.9,2,0.6,0.4,0.1,3.1/6.4,0.49,0.4/1.1,0.4,1.1,-4.5
Andrew Harrison,255,PG/SG,MEM,72,20,6.4,1.9,2.9,0.7,0.3,0.6,1.8/5.2,0.35,2.2/2.8,0.79,1.1,-4.52
Frank Ntilikina,256,PG,NYK,72,24,6.8,3,1.5,0.7,0.4,0.7,2.6/6.0,0.44,1.0/1.7,0.56,1.4,-4.53
Wade Baldwin,257,PG,MEM,70,18,5.3,2.1,2.8,0.8,0.4,0.2,1.8/5.2,0.34,1.6/1.9,0.85,1.7,-4.55
Emmanuel Mudiay,258,PG,DEN,62,18,8,2.1,3.1,0.6,0.3,0.7,2.9/7.6,0.38,1.5/2.1,0.73,1.7,-4.57
Brice Johnson,259,PF,LAC,60,12,5.3,4,1.3,0.7,0.4,0,2.7/6.2,0.43,0.0/0.0,0,0.9,-4.58
Kyle Korver,260,SG/SF,CLE,70,18,5.8,2,1.2,0.4,0.2,1.4,2.0/4.6,0.44,0.4/0.4,0.86,0.8,-4.64
Jerian Grant,261,PG/SG,CHI,70,16,6.1,1.8,2,0.7,0.2,0.6,2.1/5.3,0.4,1.3/1.6,0.83,0.9,-4.75
Alex Abrines,262,SG,OKC,70,17.1,6.7,1.4,0.7,0.6,0.2,1.5,2.2/5.7,0.39,0.8/0.8,0.9,0.5,-4.77
Jason Smith,263,PF/C,WAS,75,14.6,6,3,0.8,0.3,0.6,0.3,2.6/5.3,0.48,0.6/0.8,0.78,0.8,-4.78
Noah Vonleh,264,PF,POR,75,18,5,5.2,0.5,0.5,0.4,0.1,2.0/4.3,0.46,0.9/1.3,0.7,0.9,-4.79
Malik Monk,265,SG,CHA,72,21,8.4,1.5,1.3,0.5,0.3,1,3.0/7.4,0.41,1.4/1.8,0.78,1.1,-4.79
Marreese Speights,266,PF/C,ORL,70,12,6.8,3.3,0.7,0.2,0.4,0.8,2.4/5.5,0.44,1.1/1.3,0.85,0.7,-4.81
Nick Young,267,SG/SF,GSW,55,17,7.7,1.6,0.6,0.4,0.1,1.7,2.5/6.4,0.39,1.0/1.2,0.85,0.4,-4.83
Dante Exum,268,PG/SG,UTA,72,22.2,6.9,2.1,2.3,0.4,0.2,0.9,2.6/6.4,0.41,0.8/1.1,0.72,1.5,-4.85
Paul Zipser,269,SF/PF,CHI,70,20,6.1,3.1,0.9,0.4,0.5,0.9,2.2/5.5,0.4,0.8/1.0,0.79,0.9,-4.88
Pascal Siakam,270,PF,TOR,60,15,4.3,3.3,0.4,0.4,0.8,0,1.9/3.9,0.5,0.4/0.6,0.7,0.6,-4.88
David West,271,PF,GSW,65,11.4,4.4,2.7,1.5,0.4,0.5,0,1.9/3.7,0.51,0.6/0.7,0.76,0.8,-4.9
Meyers Leonard,272,PF/C,POR,70,18,6.2,3.8,1.1,0.2,0.3,1.1,2.3/5.4,0.42,0.5/0.7,0.82,0.7,-4.93
Lauri Markkanen,273,PF,CHI,70,18,6.8,3.7,0.5,0.4,0.3,0.7,2.5/5.7,0.44,1.3/1.6,0.79,0.7,-4.94
Jameer Nelson,274,PG,DEN,70,18,5.4,1.9,3.1,0.5,0.1,0.8,2.1/5.1,0.41,0.4/0.5,0.73,1.2,-4.96
Domantas Sabonis,275,PF,IND,80,18,5.8,3.3,1,0.5,0.4,0.7,2.3/5.5,0.42,0.6/0.9,0.66,0.9,-5.01
Guerschon Yabusele,276,,,70,15,5.1,3.9,0.6,0.4,0.3,0.3,1.6/3.7,0.43,1.5/1.8,0.83,0.9,-5.02
Justin Jackson,277,SF,SAC,72,20,7.7,2.5,1.6,0.5,0.2,0.9,2.8/7.1,0.41,1.1/1.5,0.73,1,-5.04
Mirza Teletovic,278,SF/PF,MIL,70,18,7.6,3,0.8,0.2,0.2,1.6,2.6/6.8,0.39,0.8/1.0,0.76,0.7,-5.08
Patrick McCaw,279,SG/SF,GSW,72,18,5.1,1.8,1.4,0.5,0.3,0.8,1.9/4.3,0.44,0.6/0.7,0.78,0.7,-5.1
T.J. Leaf,280,PF,IND,72,15,5.6,3.2,1,0.4,0.4,0.2,2.3/4.5,0.51,0.7/1.1,0.69,0.7,-5.1
Shaun Livingston,281,PG/SG,GSW,70,16,4.7,1.8,2.1,0.5,0.3,0,2.0/3.9,0.52,0.6/0.8,0.75,0.8,-5.11
Ron Baker,282,PG/SG,NYK,70,18,4.8,2.2,2.3,0.7,0.2,0.4,1.9/4.7,0.39,0.7/1.0,0.68,1.3,-5.13
T.J. McConnell,283,PG,PHI,70,12,3.4,1.6,2.8,0.7,0.1,0.2,1.5/3.1,0.47,0.3/0.5,0.75,0.9,-5.15
Dragan Bender,284,PF,PHO,67,20,5.2,3.6,0.8,0.4,0.8,1,2.0/5.6,0.36,0.1/0.4,0.37,1.1,-5.15
Salah Mejri,285,C,DAL,70,12,2.8,4,0.2,0.4,0.8,0,1.1/1.8,0.64,0.5/0.9,0.55,0.6,-5.16
Alexis Ajinca,286,PF/C,NOR,50,12,4.7,3.7,0.4,0.3,0.5,0,2.0/4.0,0.51,0.7/0.9,0.77,0.7,-5.19
Cristiano Felicio,287,C,CHI,68,15,4.5,4.5,0.8,0.4,0.3,0,1.8/3.3,0.56,0.9/1.4,0.63,0.5,-5.21
Vince Carter,288,SG/SF,SAC,70,16.2,5.2,2.3,1,0.5,0.3,1,1.7/4.6,0.38,0.8/1.0,0.77,0.4,-5.21
Fred VanVleet,289,PG,TOR,60,15,5.5,2,1.9,0.7,0.1,0.6,2.0/5.4,0.36,1.0/1.2,0.81,0.7,-5.22
Tim Frazier,290,PG/SG,WAS,60,15,4.8,1.9,2.9,0.6,0.1,0.4,1.7/4.2,0.41,1.0/1.3,0.76,1,-5.24
Mason Plumlee,291,PF/C,DEN,72,12,4.8,3.5,1.6,0.4,0.5,0,1.9/3.6,0.53,1.0/1.7,0.6,0.8,-5.25
Timothe Luwawu-Cabarrot,292,SG/SF,PHI,72,15,6.1,1.9,1.1,0.4,0.1,0.8,1.9/4.6,0.42,1.4/1.6,0.85,1,-5.3
Omri Casspi,293,SF/PF,GSW,65,15,5.8,3.2,0.9,0.4,0.1,0.8,2.1/4.7,0.46,0.8/1.2,0.65,0.8,-5.32
Jakob Poeltl,294,C,TOR,62,15,4.2,3.9,0.4,0.5,0.5,0,1.7/3.1,0.56,0.8/1.4,0.57,0.7,-5.38
Doug McDermott,295,SF,OKC,72,20,8.2,2.2,0.7,0.2,0.1,1.2,3.1/7.0,0.44,0.9/1.0,0.84,0.6,-5.4
Juan Hernangomez,296,SF/PF,DEN,70,12,4.6,2.6,0.5,0.4,0.2,0.9,1.4/3.1,0.46,0.8/1.1,0.76,0.4,-5.5
Montrezl Harrell,297,PF/C,LAC,62,12,5.7,2.3,0.7,0.2,0.4,0,2.4/3.8,0.63,0.8/1.3,0.62,0.5,-5.51
Anthony Tolliver,298,SF/PF,DET,62,18,5.1,3,0.8,0.4,0.2,1,1.8/4.3,0.4,0.6/0.9,0.72,0.6,-5.54
Garrett Temple,299,PG/SG,SAC,65,15,4,1.7,1.3,0.6,0.2,0.7,1.4/3.6,0.4,0.5/0.6,0.72,0.6,-5.6
Terry Rozier,300,PG,BOS,70,15.7,5.4,3,1.7,0.5,0.1,0.7,2.0/5.3,0.37,0.7/0.9,0.78,0.6,-5.6
Corey Brewer,301,SG/SF,LAL,78,15,4.9,2,1.1,0.7,0.2,0.4,1.8/4.7,0.39,0.8/1.1,0.74,0.7,-5.6
Georgios Papagiannis,302,C,SAC,60,12,4.5,2.9,0.8,0.1,0.5,0,2.0/3.7,0.55,0.4/0.5,0.87,0.8,-5.65
Brandon Knight,303,PG/SG,PHO,20,12,6.3,1.3,1.7,0.4,0.1,0.7,2.3/5.5,0.41,1.1/1.3,0.88,1,-5.71
Channing Frye,304,PF/C,CLE,65,12,4.6,2.3,0.5,0.3,0.3,1,1.6/3.8,0.42,0.4/0.4,0.86,0.5,-5.81
Raymond Felton,305,PG/SG,OKC,75,15,4.3,1.8,1.7,0.5,0.1,0.4,1.7/4.1,0.41,0.5/0.7,0.8,0.7,-5.94
Luc Mbah a Moute,306,SF/PF,HOU,75,15,3.8,2,0.4,0.6,0.3,0.4,1.5/3.2,0.46,0.5/0.7,0.62,0.5,-5.97
Shabazz Napier,307,PG,POR,60,12.4,4.4,1.4,1.9,0.5,0,0.7,1.5/3.9,0.38,0.8/1.0,0.78,1,-5.99
Luke Kennard,308,SG,DET,72,15,5.8,1.9,1,0.4,0.1,0.6,2.1/4.8,0.43,1.0/1.3,0.8,0.7,-6
Jodie Meeks,309,SG,WAS,60,12,5.1,1.2,0.7,0.5,0.1,0.8,1.6/4.1,0.4,1.0/1.1,0.87,0.5,-6.06
Lance Thomas,310,SG/SF,NYK,60,18,5.7,2.4,0.7,0.4,0.1,0.6,2.1/5.0,0.42,0.9/1.1,0.79,0.7,-6.07
Nik Stauskas,311,SG/SF,PHI,72,15,5.2,1.5,1.1,0.3,0.2,0.9,1.8/4.4,0.4,0.8/1.0,0.81,0.8,-6.09
Nemanja Bjelica,312,PF,MIN,60,12,3.6,2.5,0.9,0.4,0.2,0.6,1.3/3.0,0.43,0.4/0.6,0.75,0.6,-6.13
Jerryd Bayless,313,PG/SG,PHI,60,12,4.3,1.3,1.4,0.4,0.1,0.6,1.5/3.6,0.43,0.6/0.8,0.81,0.7,-6.15
Cameron Payne,314,PG,CHI,60,12,4.8,1.3,1.7,0.5,0.1,0.7,1.9/4.9,0.39,0.3/0.4,0.72,0.8,-6.18
OG Anunoby,315,SF,TOR,20,12,4.1,2.2,0.7,0.4,0.4,0.3,1.6/3.4,0.48,0.6/1.0,0.61,0.7,-6.22
Arron Afflalo,316,SG/SF,ORL,67,17.6,6.1,1.8,1,0.2,0.1,0.7,2.3/5.3,0.44,0.8/0.9,0.86,0.6,-6.24
Mario Hezonja,317,SG/SF,ORL,72,12,4.3,1.8,0.9,0.4,0.2,0.6,1.6/3.8,0.42,0.5/0.6,0.84,0.8,-6.33
Rade Zagorac,318,,,60,12,4.6,2.6,0.9,0.5,0.2,0.1,1.7/4.2,0.4,1.2/1.5,0.77,0.8,-6.36
Wesley Johnson,319,SG/SF,LAC,70,12,3.3,1.9,0.4,0.5,0.3,0.6,1.3/3.3,0.39,0.2/0.3,0.7,0.4,-6.38
Mario Chalmers,320,,,50,9.7,3.9,1,1.4,0.6,0.1,0.3,1.2/2.9,0.41,1.2/1.5,0.81,0.7,-6.38
Devin Harris,321,PG/SG,DAL,65,12,4.1,1.3,1.2,0.5,0.1,0.6,1.3/3.2,0.41,0.9/1.1,0.77,0.5,-6.39
Chinanu Onuaku,322,,HOU,41,8,2.2,1.5,0.5,0.5,0.2,0,0.8/1.1,0.71,0.6/0.6,1,0.6,-6.43
Isaiah Whitehead,323,PG/SG,BKN,65,12.1,4.4,1.4,1.4,0.3,0.3,0.4,1.6/4.0,0.41,0.7/0.9,0.79,1,-6.44
Al Jefferson,324,PF/C,IND,60,10,5.1,2.8,0.6,0.2,0.3,0,2.3/4.7,0.48,0.6/0.9,0.67,0.3,-6.45
Ramon Sessions,325,PG/SG,NYK,65,15,5.6,1.6,2,0.4,0,0.3,1.9/4.7,0.41,1.5/2.0,0.76,0.9,-6.45
Wayne Ellington,326,SG/SF,MIA,64,13.9,5,1.4,0.7,0.3,0,1.1,1.8/4.6,0.39,0.3/0.4,0.84,0.3,-6.58
Langston Galloway,327,PG/SG,DET,68,12,4,1.4,1.1,0.4,0.1,0.6,1.5/3.8,0.38,0.5/0.6,0.77,0.4,-6.58
Quincy Acy,328,SF/PF,BKN,50,10,3.6,2.3,0.4,0.3,0.3,0.4,1.3/2.8,0.48,0.6/0.8,0.77,0.4,-6.6
D.J. Augustin,329,PG,ORL,70,12,4.8,0.9,1.9,0.3,0,0.7,1.5/3.8,0.4,1.1/1.4,0.82,0.8,-6.61
Trey Lyles,330,PF,DEN,70,12,4.9,2.6,0.7,0.3,0.2,0.6,1.8/4.6,0.4,0.7/0.9,0.75,0.7,-6.62
Jose Calderon,331,PG,CLE,41,12,3.2,1.4,1.8,0.3,0,0.5,1.2/2.8,0.44,0.2/0.3,0.87,0.6,-6.62
Mindaugas Kuzminskas,332,SF/PF,NYK,65,12,4.7,1.5,0.8,0.3,0.1,0.7,1.7/4.2,0.42,0.6/0.7,0.79,0.6,-6.64
Quincy Pondexter,333,,,62,15,4.7,1.7,0.8,0.2,0.2,0.8,1.6/3.9,0.42,0.6/0.8,0.74,0.4,-6.73
Ekpe Udoh,334,,,41,8,1.8,1.6,0.5,0.5,0.4,0,0.7/1.5,0.46,0.4/0.6,0.78,0.4,-6.74
Jonas Jerebko,335,SF/PF,UTA,72,12,2.9,2.5,0.6,0.3,0.2,0.5,1.0/2.4,0.42,0.3/0.4,0.77,0.4,-6.76
Rashad Vaughn,336,SG/SF,MIL,60,14.6,3.9,1.4,0.7,0.5,0.3,0.8,1.5/4.4,0.34,0.2/0.2,0.66,0.4,-6.77
Willie Reed,337,PF/C,LAC,50,10,3.7,3,0.3,0.2,0.4,0,1.6/2.9,0.55,0.5/0.9,0.55,0.3,-6.77
Bam Adebayo,338,PF,MIA,60,12,4,2.4,0.3,0.3,0.4,0,1.6/3.1,0.5,0.8/1.2,0.67,0.6,-6.78
Tyler Ennis,339,PG,LAL,50,10,3.9,0.9,1.6,0.4,0,0.4,1.5/3.6,0.43,0.4/0.5,0.78,0.8,-6.83
Malachi Richardson,340,SG,SAC,60,12,5,1.4,0.7,0.3,0.1,0.5,1.7/4.1,0.42,1.0/1.3,0.8,0.5,-6.91
Shawn Long,341,,PHI,20,6,3.9,2.2,0.4,0.2,0.2,0.2,1.6/2.8,0.56,0.5/0.9,0.55,0.3,-6.92
Ante Zizic,342,C,CLE,41,8,3.5,2.5,0.2,0.1,0.5,0,1.3/2.1,0.61,0.9/1.3,0.7,0.6,-6.93
Jeff Green,343,SF/PF,CLE,66,12,4.5,1.7,0.6,0.3,0.2,0.4,1.6/4.0,0.41,0.8/1.1,0.8,0.5,-7
Tomas Satoransky,344,PG/SG,WAS,60,12,2.8,1.4,1.4,0.5,0.1,0.2,1.1/2.6,0.42,0.5/0.7,0.7,0.6,-7.01
Henry Ellenson,345,PF,DET,62,15,6.3,4.2,0.7,0.1,0.1,1,2.4/6.6,0.36,0.4/0.8,0.51,1.4,-7.06
Kevon Looney,346,PF,GSW,41,8,2.8,2.2,0.7,0.2,0.3,0,1.1/2.2,0.52,0.5/0.7,0.66,0.3,-7.07
Omer Asik,347,PF/C,NOR,50,12,2.6,4.3,0.4,0.2,0.3,0,1.0/2.0,0.52,0.6/1.1,0.56,0.5,-7.08
K.J. McDaniels,348,SF,TOR,41,8,3.1,1.2,0.3,0.3,0.3,0.5,1.0/2.5,0.42,0.6/0.7,0.82,0.5,-7.09
Zhou Qi,349,,,41,8,3.3,2.4,0.4,0.2,0.4,0.1,1.3/2.7,0.49,0.6/1.0,0.62,0.6,-7.09
DeAndre Liggins,350,,DAL,50,10,1.9,1.4,0.7,0.6,0.2,0.2,0.7/1.8,0.37,0.3/0.5,0.62,0.5,-7.1
Kyle Kuzma,351,PF,LAL,50,10,3.9,2.4,0.8,0.2,0.1,0.2,1.5/3.5,0.44,0.6/0.9,0.68,0.6,-7.21
Justin Anderson,352,SF,PHI,50,8,3.4,1.7,0.5,0.3,0.2,0.4,1.2/2.8,0.41,0.6/0.8,0.8,0.4,-7.24
Darrell Arthur,353,PF/C,DEN,50,8,2.8,1.4,0.5,0.3,0.2,0.4,1.1/2.6,0.42,0.2/0.3,0.79,0.4,-7.24
Shane Larkin,354,,,41,8,2.5,0.8,1.4,0.4,0,0.2,1.0/2.2,0.44,0.4/0.5,0.78,0.6,-7.24
Malik Beasley,355,PG,DEN,50,8,4.1,0.8,0.5,0.3,0,0.5,1.6/3.5,0.45,0.4/0.5,0.79,0.4,-7.26
Rodney McGruder,356,SG,MIA,70,12,3.2,1.6,0.7,0.3,0.1,0.6,1.2/2.8,0.42,0.3/0.4,0.65,0.3,-7.26
Dorian Finney-Smith,357,SF/PF,DAL,70,12,3,1.7,0.5,0.3,0.2,0.4,1.1/2.8,0.39,0.4/0.6,0.75,0.3,-7.26
Iman Shumpert,358,SG/SF,CLE,60,10,2.8,1.3,0.6,0.4,0.1,0.5,1.0/2.6,0.4,0.3/0.4,0.75,0.4,-7.3
Spencer Dinwiddie,359,PG,BKN,41,8,2.8,0.9,1.2,0.3,0.1,0.3,0.9/2.1,0.43,0.7/0.9,0.83,0.4,-7.31
Tarik Black,360,PF/C,HOU,41,8,2.7,2.6,0.3,0.2,0.3,0,1.1/2.0,0.53,0.5/0.8,0.65,0.4,-7.33
Joe Harris,361,SG,BKN,50,10,3.6,1.3,0.5,0.2,0.1,0.7,1.3/3.1,0.41,0.3/0.4,0.72,0.5,-7.4
Nicolas Brussino,362,,DAL,41,8,2.5,1.6,0.7,0.3,0.1,0.5,0.9/2.3,0.38,0.3/0.3,0.77,0.4,-7.45
Walter Tavares,363,C,CLE,20,6,2.1,2.2,0.1,0.2,0.5,0,0.8/1.7,0.5,0.3/0.5,0.59,0.4,-7.6
Jordan Bell,364,PF,GSW,20,6,2,1.5,0.4,0.2,0.3,0,0.8/1.6,0.53,0.3/0.5,0.7,0.4,-7.62
Richard Jefferson,365,SG/SF,CLE,60,12,3.1,1.3,0.5,0.2,0.1,0.5,1.0/2.4,0.44,0.5/0.7,0.68,0.4,-7.62
Deyonta Davis,366,PF,MEM,41,8,2.1,2.1,0.1,0.1,0.5,0,0.9/1.7,0.53,0.4/0.7,0.57,0.2,-7.65
Harry Giles,367,PF/C,SAC,41,8,2.5,2.2,0.2,0.2,0.3,0,1.1/2.2,0.49,0.3/0.6,0.57,0.4,-7.68
Luke Babbitt,368,SF,ATL,50,10,2.9,1.5,0.4,0.2,0.1,0.7,1.1/2.7,0.39,0.2/0.2,0.75,0.2,-7.69
Chris McCullough,369,PF,WAS,20,6,2,1.2,0.2,0.5,0.2,0.1,0.8/2.1,0.41,0.2/0.5,0.51,0.3,-7.77
Daniel Theis,370,,,20,6,2.4,1.2,0.3,0.2,0.2,0.2,1.0/1.9,0.44,0.3/0.4,0.68,0.4,-7.79
Derrick Jones,371,SF,PHO,41,8,2.7,1.1,0.2,0.2,0.2,0.1,1.1/1.9,0.56,0.5/0.7,0.71,0.2,-7.81
Maxi Kleber,372,,,20,6,2.1,1.5,0.4,0.2,0.2,0.3,0.8/1.7,0.43,0.3/0.4,0.74,0.4,-7.82
Chasson Randle,373,PG,NYK,20,6,2.8,0.6,0.7,0.2,0,0.4,0.8/2.0,0.41,0.8/0.8,0.93,0.4,-7.87
Troy Williams,374,SG/SF,HOU,20,6,2.3,0.9,0.3,0.3,0.1,0.2,0.9/1.9,0.46,0.3/0.4,0.71,0.4,-7.95
Davis Bertans,375,SF/PF,SAS,20,6,2.2,0.7,0.4,0.1,0.2,0.5,0.7/1.7,0.44,0.2/0.3,0.83,0.2,-7.97
Cameron Oliver,376,,,20,6,2.3,1.4,0.4,0.2,0.3,0.2,0.9/2.1,0.42,0.3/0.5,0.69,0.4,-8
Alec Burks,377,PG/SG,UTA,41,8,3.6,1.2,0.6,0.2,0.1,0.3,1.2/3.0,0.41,0.9/1.1,0.78,0.5,-8
Mike Scott,378,,,20,6,2.6,1.1,0.4,0.1,0.1,0.4,1.0/2.1,0.48,0.3/0.3,0.8,0.2,-8.01
Josh Hart,379,SG,LAL,20,6,2.5,1.1,0.5,0.2,0.1,0.2,0.9/2.1,0.45,0.4/0.6,0.73,0.3,-8.02
Sindarius Thornwell,380,,,20,6,2.5,1.1,0.5,0.3,0.1,0.2,0.9/2.1,0.41,0.6/0.7,0.78,0.4,-8.03
Joel Bolomboy,381,PF,UTA,20,6,2.5,1.9,0.3,0.1,0.2,0.1,1.0/1.8,0.56,0.3/0.7,0.49,0.2,-8.03
Kyle Wiltjer,382,,LAC,20,6,1.7,1.3,0.3,0.4,0.1,0.5,0.5/1.8,0.29,0.1/0.3,0.51,0.6,-8.04
Caleb Swanigan,383,PF/C,POR,20,6,2.4,1.9,0.5,0.1,0.1,0.1,0.9/2.0,0.45,0.5/0.6,0.75,0.5,-8.05
Tim Quarterman,384,,POR,20,6,2.4,1.1,0.9,0.2,0.2,0.4,1.0/2.2,0.45,0.0/0.2,0,0.9,-8.05
Kay Felder,385,PG,CLE,20,6,2.8,0.6,0.9,0.3,0.1,0.1,1.1/2.6,0.41,0.6/0.8,0.73,0.5,-8.07
Derrick White,386,,,20,6,2.3,0.7,0.7,0.2,0.2,0.2,0.9/1.9,0.45,0.4/0.5,0.77,0.4,-8.09
Reggie Bullock,387,SG/SF,DET,41,7.1,2,1.1,0.4,0.2,0,0.4,0.7/1.8,0.41,0.1/0.2,0.77,0.1,-8.11
Josh Huestis,388,SF,OKC,20,6,2.1,1.4,0.3,0.1,0.5,0.4,0.8/1.7,0.48,0.0/0.3,0,0.2,-8.12
Raul Neto,389,PG,UTA,20,6,2,0.5,0.7,0.3,0,0.3,0.8/1.8,0.43,0.2/0.3,0.76,0.4,-8.14
Justin Patton,390,C,MIN,20,6,2.2,1.1,0.3,0.2,0.2,0,0.9/1.7,0.55,0.3/0.4,0.58,0.3,-8.15
Elijah Millsap,391,SG/SF,PHO,20,6,1.8,1.1,0.4,0.4,0.1,0.2,0.6/1.7,0.34,0.4/0.6,0.67,0.5,-8.15
Pat Connaughton,392,SG/SF,POR,20,6,2,1,0.6,0.1,0,0.3,0.8/1.5,0.51,0.2/0.2,0.8,0.4,-8.17
Dwayne Bacon,393,,,41,8,3.2,1,0.4,0.2,0,0.3,1.2/3.0,0.41,0.5/0.7,0.73,0.5,-8.18
Tyler Dorsey,394,,,41,8,3,0.9,0.5,0.2,0,0.4,1.1/2.6,0.42,0.5/0.7,0.73,0.4,-8.18
Thomas Bryant,395,,LAC,20,6,2.2,1.2,0.3,0.2,0.2,0.1,0.8/1.8,0.45,0.4/0.6,0.72,0.4,-8.23
Jawun Evans,396,,PHI,20,6,2.5,0.6,1.2,0.2,0,0.1,0.9/2.3,0.4,0.5/0.6,0.77,0.4,-8.23
Joe Young,397,,,41,8,3.9,1,1,0.2,0,0.3,1.5/4.0,0.37,0.7/0.9,0.76,0.3,-8.26
Sterling Brown,398,,,20,6,2.1,1.1,0.6,0.2,0.1,0.2,0.8/1.9,0.41,0.3/0.4,0.76,0.3,-8.27
Shelvin Mack,399,,,20,6,2.3,0.7,0.9,0.2,0,0.3,0.9/2.1,0.43,0.2/0.3,0.72,0.5,-8.27
Royce O'Neale,400,,,20,6,1.9,1.4,0.6,0.2,0,0.2,0.7/1.8,0.41,0.2/0.2,0.84,0.4,-8.29
Semaj Christon,401,PG,OKC,50,10,2,0.9,1.4,0.3,0.1,0.1,0.8/2.3,0.36,0.2/0.4,0.56,0.5,-8.29
Dillon Brooks,402,,HOU,20,6,2.4,0.7,0.6,0.2,0.1,0.2,0.9/2.1,0.43,0.4/0.5,0.73,0.4,-8.31
Tyler Lydon,403,PF,DEN,41,6,2,1.3,0.3,0.2,0.2,0.1,0.7/1.8,0.42,0.3/0.4,0.79,0.3,-8.32
D.J. Wilson,404,PF,MIL,20,6,2,1,0.3,0.1,0.2,0.1,0.8/1.7,0.46,0.3/0.3,0.79,0.2,-8.33
Frank Mason,405,,,20,6,2.3,0.6,0.8,0.2,0,0.2,0.8/1.9,0.44,0.5/0.6,0.76,0.3,-8.34
Bryn Forbes,406,PG,SAS,50,12.1,4,1,1,0.1,0,0.7,1.5/4.2,0.37,0.2/0.3,0.82,0.4,-8.34
Ike Anigbogu,407,C,IND,20,6,1.9,1.4,0.1,0.1,0.3,0,0.8/1.6,0.48,0.3/0.5,0.59,0.3,-8.36
Damyean Dotson,408,,,20,6,2.3,1.1,0.2,0.2,0,0.4,0.8/2.0,0.42,0.3/0.3,0.78,0.2,-8.39
Isaiah Hicks,409,,,20,6,2.2,1.1,0.3,0.1,0.1,0,0.9/1.8,0.49,0.4/0.5,0.75,0.4,-8.4
Wesley Iwundu,410,,,20,6,2.1,1.1,0.6,0.2,0.1,0.1,0.8/1.8,0.43,0.4/0.5,0.74,0.4,-8.41
Treveon Graham,411,SG/SF,CHA,20,6,2.1,0.7,0.2,0.2,0,0.4,0.7/1.4,0.47,0.4/0.5,0.7,0.1,-8.41
Jordan Mickey,412,,FA,20,6,1.8,1.4,0.3,0.1,0.4,0,0.7/1.6,0.44,0.4/0.7,0.58,0.3,-8.42
Davon Reed,413,,,20,6,2.2,0.8,0.4,0.2,0.1,0.3,0.8/2.0,0.4,0.3/0.4,0.79,0.3,-8.42
Jarell Martin,414,PF/C,MEM,20,6,2,1.6,0.1,0.2,0.1,0,0.7/1.7,0.43,0.5/0.7,0.76,0.3,-8.45
Kyle Singler,415,SG/SF,OKC,41,8,1.9,1,0.3,0.2,0.1,0.3,0.7/1.8,0.39,0.2/0.3,0.7,0.3,-8.46
Bruno Caboclo,416,SF,TOR,41,8,2,1.2,0.5,0.3,0.2,0.4,0.8/3.2,0.26,0.0/0.0,0,0.6,-8.47
Semi Ojeleye,417,PF,BOS,20,6,2.5,1.1,0.3,0.1,0.1,0.2,0.9/2.0,0.43,0.5/0.6,0.75,0.3,-8.48
David Nwaba,418,,LAL,41,6,1.8,0.9,0.2,0.2,0.1,0,0.7/1.2,0.55,0.4/0.6,0.63,0.2,-8.48
Furkan Korkmaz,419,,,50,8,2.2,0.9,0.5,0.1,0.2,0.4,0.8/2.0,0.39,0.2/0.3,0.58,0.4,-8.52
Tony Bradley,420,,,20,6,2,1.6,0.2,0.1,0.1,0,0.8/1.7,0.48,0.4/0.6,0.64,0.3,-8.52
Gary Payton,421,,,20,6,1.2,0.7,0.8,0.2,0.3,0.1,0.5/1.3,0.37,0.2/0.3,0.62,0.6,-8.53
Sheldon McClellan,422,,,41,6,2,0.7,0.3,0.2,0,0.2,0.7/1.6,0.42,0.5/0.6,0.85,0.1,-8.53
Abdel Nader,423,,,20,6,2,0.8,0.3,0.2,0.1,0.2,0.8/1.8,0.42,0.3/0.4,0.72,0.4,-8.54
Damien Wilkins,424,,,20,6,1.9,0.6,0.5,0.2,0.1,0.1,0.7/1.7,0.44,0.4/0.5,0.7,0.3,-8.59
Cedi Osman,425,,,20,6,2,0.9,0.3,0.2,0.1,0.3,0.7/1.9,0.43,0.3/0.3,0.72,0.3,-8.61
A.J. Hammons,426,C,MIA,20,6,1.8,1.4,0.2,0,0.5,0.1,0.7/1.6,0.41,0.3/0.7,0.46,0.4,-8.62
Dakari Johnson,427,,,20,6,1.6,1.5,0.2,0.1,0.2,0,0.6/1.3,0.45,0.5/0.7,0.63,0.4,-8.62
Nick Collison,428,PF/C,OKC,20,6,1.1,1.4,0.4,0.2,0.1,0,0.4/1.0,0.42,0.2/0.3,0.68,0.4,-8.63
Josh McRoberts,429,PF/C,DAL,20,6,1.5,1.1,0.7,0.2,0.1,0.2,0.6/1.6,0.37,0.2/0.2,0.7,0.3,-8.63
P.J. Dozier,430,,,20,6,2.1,0.9,0.5,0.2,0.1,0.1,0.8/2.2,0.38,0.3/0.5,0.63,0.4,-8.67
Udonis Haslem,431,PF,MIA,20,6,1.6,1.6,0.3,0.1,0.1,0,0.6/1.5,0.44,0.3/0.4,0.71,0.3,-8.68
Damian Jones,432,C,GSW,41,8,1.9,2.2,0,0.1,0.4,0,0.8/1.5,0.52,0.3/0.9,0.31,0.6,-8.68
Okaro White,433,PF,MIA,20,6,1.3,1,0.2,0.1,0.1,0.1,0.5/1.2,0.4,0.3/0.3,0.89,0.2,-8.69
Johnny O'Bryant,434,PF,CHA,41,8,2,1.6,0.3,0.2,0.1,0,0.9/2.2,0.4,0.3/0.4,0.61,0.3,-8.73
Eric Moreland,435,,,20,6,1.1,1.3,0.1,0,0.5,0,0.4/0.8,0.51,0.2/0.5,0.49,0.3,-8.74
Frank Jackson,436,,,20,6,2.1,0.6,0.4,0.1,0,0.2,0.8/1.9,0.42,0.3/0.5,0.73,0.3,-8.81
Julyan Stone,437,,,20,6,0.9,1,0.6,0.2,0,0.1,0.4/0.9,0.41,0.1/0.2,0.67,0.3,-8.85
Wayne Selden,438,,MEM,20,6,1.9,0.4,0.3,0.1,0,0.2,0.7/1.5,0.44,0.4/0.6,0.68,0.3,-8.88
Daniel Ochefu,439,C,WAS,20,6,1.9,1.8,0.2,0.2,0,0,1.0/2.2,0.44,0.0/0.2,0,0.2,-8.89
Jake Layman,440,PF,POR,20,6,2,0.6,0.3,0.2,0.1,0.4,0.6/2.1,0.3,0.3/0.4,0.78,0.3,-8.91
Terrance Ferguson,441,SG,OKC,20,6,1.6,0.5,0.3,0.1,0.1,0.2,0.6/1.7,0.36,0.2/0.4,0.57,0.4,-9.38
Vander Blue,442,,,20,6,1.9,0.8,0.7,0.3,0,0.2,0.8/2.5,0.3,0.2/0.4,0.4,0.5,-9.4
Isaiah Taylor,443,PG,HOU,20,6,0.4,0.4,0.4,0.1,0.1,0,0.1/0.8,0.14,0.1/0.2,0.5,0,-9.92
